user_id,username,email,password_hash,created_at,updated_at
1,john_doe,john@example.com,a1b2c3,2023-05-20 10:00:00,2023-05-20 10:00:00
2,jane_smith,jane@example.com,d4e5f6,2023-05-20 11:30:00,2023-05-20 11:30:00
3,emma_jackson,emma@example.com,g7h8i9,2023-05-21 09:45:00,2023-05-21 09:45:00
4,alex_wong,alex@example.com,j1k2l3,2023-05-21 10:30:00,2023-05-21 10:30:00
5,sarah_brown,sarah@example.com,m4n5o6,2023-05-22 08:15:00,2023-05-22 08:15:00
6,adam_garcia,adam@example.com,p7q8r9,2023-05-22 09:20:00,2023-05-22 09:20:00
7,lisa_anderson,lisa@example.com,s1t2u3,2023-05-23 11:00:00,2023-05-23 11:00:00
8,kevin_clark,kevin@example.com,v4w5x6,2023-05-24 10:30:00,2023-05-24 10:30:00
9,emily_jones,emily@example.com,y7z8a9,2023-05-24 12:45:00,2023-05-24 12:45:00
10,ryan_taylor,ryan@example.com,b1c2d3,2023-05-25 08:20:00,2023-05-25 08:20:00
11,olivia_martin,olivia@example.com,e4f5g6,2023-05-25 09:30:00,2023-05-25 09:30:00
12,daniel_lee,daniel@example.com,h7i8j9,2023-05-26 07:55:00,2023-05-26 07:55:00
13,amelia_wilson,amelia@example.com,k1l2m3,2023-05-26 10:10:00,2023-05-26 10:10:00
14,michael_rodriguez,michael@example.com,n4o5p6,2023-05-27 11:20:00,2023-05-27 11:20:00
15,grace_martinez,grace@example.com,q7r8s9,2023-05-27 12:30:00,2023-05-27 12:30:00
16,noah_gonzalez,noah@example.com,t1u2v3,2023-05-28 09:45:00,2023-05-28 09:45:00
17,chloe_roberts,chloe@example.com,w4x5y6,2023-05-28 10:55:00,2023-05-28 10:55:00
18,samuel_nguyen,samuel@example.com,z7a8b9,2023-05-29 08:00:00,2023-05-29 08:00:00
19,ava_hernandez,ava@example.com,c1d2e3,2023-05-29 09:15:00,2023-05-29 09:15:00
20,sophia_gomez,sophia@example.com,f4g5h6,2023-05-30 11:25:00,2023-05-30 11:25:00
21,jacob_perez,jacob@example.com,i7j8k9,2023-05-31 10:10:00,2023-05-31 10:10:00
22,mia_campbell,mia@example.com,l1m2n3,2023-06-01 09:30:00,2023-06-01 09:30:00
23,william_james,william@example.com,o4p5q6,2023-06-01 11:40:00,2023-06-01 11:40:00
24,ava_torres,ava@example.com,r7s8t9,2023-06-02 08:15:00,2023-06-02 08:15:00
25,emma_rodriguez,emma@example.com,u1v2w3,2023-06-02 10:20:00,2023-06-02 10:20:00
26,alexander_king,alexander@example.com,x4y5z6,2023-06-03 09:55:00,2023-06-03 09:55:00
27,sophia_lee,sophia@example.com,a7b8c9,2023-06-03 12:00:00,2023-06-03 12:00:00
28,ethan_gonzalez,ethan@example.com,d1e2f3,2023-06-04 08:30:00,2023-06-04 08:30:00
29,oliver_walker,oliver@example.com,g4h5i6,2023-06-04 10:40:00,2023-06-04 10:40:00
30,isabella_hill,isabella@example.com,j7k8l9,2023-06-05 09:15:00,2023-06-05 09:15:00
31,amelia_wood,amelia@example.com,m1n2o3,2023-06-06 11:20:00,2023-06-06 11:20:00
32,william_hall,william@example.com,p4q5r6,2023-06-06 12:30:00,2023-06-06 12:30:00
33,ava_adams,ava@example.com,s7t8u9,2023-06-07 10:45:00,2023-06-07 10:45:00
34,lucas_carter,lucas@example.com,v1w2x3,2023-06-07 11:50:00,2023-06-07 11:50:00
35,sophia_ross,sophia@example.com,y4z5a6,2023-06-08 09:30:00,2023-06-08 09:30:00
36,benjamin_evans,benjamin@example.com,b7c8d9,2023-06-08 10:40:00,2023-06-08 10:40:00
37,olivia_hernandez,olivia@example.com,e1f2g3,2023-06-09 08:25:00,2023-06-09 08:25:00
38,mason_wright,mason@example.com,h4i5j6,2023-06-09 09:40:00,2023-06-09 09:40:00
39,ava_morris,ava@example.com,k7l8m9,2023-06-10 10:15:00,2023-06-10 10:15:00
40,olivia_richards,olivia@example.com,n1o2p3,2023-06-10 12:00:00,2023-06-10 12:00:00
41,ethan_long,ethan@example.com,q4r5s6,2023-06-11 09:55:00,2023-06-11 09:55:00
42,emma_flores,emma@example.com,t7u8v9,2023-06-11 11:10:00,2023-06-11 11:10:00
43,william_green,william@example.com,w1x2y3,2023-06-12 08:30:00,2023-06-12 08:30:00
44,mia_hill,mia@example.com,z4a5b6,2023-06-12 10:20:00,2023-06-12 10:20:00
45,sophia_mitchell,sophia@example.com,c7d8e9,2023-06-13 09:45:00,2023-06-13 09:45:00
46,oliver_king,oliver@example.com,f1g2h3,2023-06-13 11:00:00,2023-06-13 11:00:00
47,amelia_hall,amelia@example.com,i4j5k6,2023-06-14 08:15:00,2023-06-14 08:15:00
48,benjamin_sanchez,benjamin@example.com,l7m8n9,2023-06-14 10:30:00,2023-06-14 10:30:00
49,olivia_rivera,olivia@example.com,o1p2q3,2023-06-15 09:25:00,2023-06-15 09:25:00
50,noah_lee,noah@example.com,r4s5t6,2023-06-15 11:40:00,2023-06-15 11:40:00
