user_id,username,email,password_hash,created_at,updated_at
1,john_doe,john@example.com,a1b2c3,1684576,1684576
2,jane_smith,jane@example.com,d4e5f6,1684582,1684582
3,emma_jackson,emma@example.com,g7h8i9,1684662,1684662
4,alex_wong,alex@example.com,j1k2l3,1684665,1684665
5,sarah_brown,sarah@example.com,m4n5o6,1684743,1684743
6,adam_garcia,adam@example.com,p7q8r9,1684747,1684747
7,lisa_anderson,lisa@example.com,s1t2u3,1684839,1684839
8,kevin_clark,kevin@example.com,v4w5x6,1684924,1684924
9,emily_jones,emily@example.com,y7z8a9,1684932,1684932
10,ryan_taylor,ryan@example.com,b1c2d3,1685002,1685002
11,olivia_martin,olivia@example.com,e4f5g6,1685007,1685007
12,daniel_lee,daniel@example.com,h7i8j9,1685087,1685087
13,amelia_wilson,amelia@example.com,k1l2m3,1685095,1685095
14,michael_rodriguez,michael@example.com,n4o5p6,1685186,1685186
15,grace_martinez,grace@example.com,q7r8s9,1685190,1685190
16,noah_gonzalez,noah@example.com,t1u2v3,1685267,1685267
17,chloe_roberts,chloe@example.com,w4x5y6,1685271,1685271
18,samuel_nguyen,samuel@example.com,z7a8b9,1685347,1685347
19,ava_hernandez,ava@example.com,c1d2e3,1685351,1685351
20,sophia_gomez,sophia@example.com,f4g5h6,1685445,1685445
21,jacob_perez,jacob@example.com,i7j8k9,1685527,1685527
22,mia_campbell,mia@example.com,l1m2n3,1685611,1685611
23,william_james,william@example.com,o4p5q6,1685619,1685619
24,ava_torres,ava@example.com,r7s8t9,1685693,1685693
25,emma_rodriguez,emma@example.com,u1v2w3,1685701,1685701
26,alexander_king,alexander@example.com,x4y5z6,1685786,1685786
27,sophia_lee,sophia@example.com,a7b8c9,1685793,1685793
28,ethan_gonzalez,ethan@example.com,d1e2f3,1685867,1685867
29,oliver_walker,oliver@example.com,g4h5i6,1685875,1685875
30,isabella_hill,isabella@example.com,j7k8l9,1685956,1685956
31,amelia_wood,amelia@example.com,m1n2o3,1686050,1686050
32,william_hall,william@example.com,p4q5r6,1686054,1686054
33,ava_adams,ava@example.com,s7t8u9,1686134,1686134
34,lucas_carter,lucas@example.com,v1w2x3,1686138,1686138
35,sophia_ross,sophia@example.com,y4z5a6,1686216,1686216
36,benjamin_evans,benjamin@example.com,b7c8d9,1686220,1686220
37,olivia_hernandez,olivia@example.com,e1f2g3,1686299,1686299
38,mason_wright,mason@example.com,h4i5j6,1686303,1686303
39,ava_morris,ava@example.com,k7l8m9,1686392,1686392
40,olivia_richards,olivia@example.com,n1o2p3,1686398,1686398
41,ethan_long,ethan@example.com,q4r5s6,1686477,1686477
42,emma_flores,emma@example.com,t7u8v9,1686481,1686481
43,william_green,william@example.com,w1x2y3,1686558,1686558
44,mia_hill,mia@example.com,z4a5b6,1686565,1686565
45,sophia_mitchell,sophia@example.com,c7d8e9,1686649,1686649
46,oliver_king,oliver@example.com,f1g2h3,1686654,1686654
47,amelia_hall,amelia@example.com,i4j5k6,1686730,1686730
48,benjamin_sanchez,benjamin@example.com,l7m8n9,1686738,1686738
49,olivia_rivera,olivia@example.com,o1p2q3,1686821,1686821
50,noah_lee,noah@example.com,r4s5t6,1686829,1686829
